date,expiry,expiry_code,strike,option_type,open_interest
2026/09/11,20260916,202609,21800,call,4
2026/09/11,20260916,202609,21800,put,1789
2026/09/11,20260916,202609,22000,call,6
2026/09/11,20260916,202609,22000,put,321
2026/09/11,20260916,202609,22200,call,0
2026/09/11,20260916,202609,22200,put,256
2026/09/11,20260916,202609,22400,call,0
2026/09/11,20260916,202609,22400,put,253
2026/09/11,20260916,202609,22600,call,0
2026/09/11,20260916,202609,22600,put,311
2026/09/11,20260916,202609,22800,call,0
2026/09/11,20260916,202609,22800,put,83
2026/09/11,20260916,202609,23000,call,0
2026/09/11,20260916,202609,23000,put,144
2026/09/11,20260916,202609,23200,call,0
2026/09/11,20260916,202609,23200,put,242
2026/09/11,20260916,202609,23400,call,0
2026/09/11,20260916,202609,23400,put,11
2026/09/11,20260916,202609,23600,call,0
2026/09/11,20260916,202609,23600,put,11
2026/09/11,20260916,202609,23800,call,0
2026/09/11,20260916,202609,23800,put,14
2026/09/11,20260916,202609,24000,call,0
2026/09/11,20260916,202609,24000,put,108
2026/09/11,20260916,202609,24200,call,0
2026/09/11,20260916,202609,24200,put,82
2026/09/11,20260916,202609,24400,call,0
2026/09/11,20260916,202609,24400,put,112
2026/09/11,20260916,202609,24600,call,0
2026/09/11,20260916,202609,24600,put,52
2026/09/11,20260916,202609,24800,call,0
2026/09/11,20260916,202609,24800,put,85
2026/09/11,20260916,202609,25000,call,0
2026/09/11,20260916,202609,25000,put,118
2026/09/11,20260916,202609,25200,call,0
2026/09/11,20260916,202609,25200,put,29
2026/09/11,20260916,202609,25400,call,0
2026/09/11,20260916,202609,25400,put,43
2026/09/11,20260916,202609,25600,call,0
2026/09/11,20260916,202609,25600,put,23
2026/09/11,20260916,202609,25800,call,164
2026/09/11,20260916,202609,25800,put,33
2026/09/11,20260916,202609,26000,call,0
2026/09/11,20260916,202609,26000,put,104
2026/09/11,20260916,202609,26200,call,0
2026/09/11,20260916,202609,26200,put,23
2026/09/11,20260916,202609,26400,call,0
2026/09/11,20260916,202609,26400,put,15
2026/09/11,20260916,202609,26600,call,0
2026/09/11,20260916,202609,26600,put,24
2026/09/11,20260916,202609,26800,call,25
2026/09/11,20260916,202609,26800,put,31
2026/09/11,20260916,202609,27000,call,3
2026/09/11,20260916,202609,27000,put,16
2026/09/11,20260916,202609,27200,call,0
2026/09/11,20260916,202609,27200,put,6
2026/09/11,20260916,202609,27400,call,2
2026/09/11,20260916,202609,27400,put,11
2026/09/11,20260916,202609,27600,call,2
2026/09/11,20260916,202609,27600,put,11
2026/09/11,20260916,202609,27800,call,7
2026/09/11,20260916,202609,27800,put,27
2026/09/11,20260916,202609,28000,call,1
2026/09/11,20260916,202609,28000,put,62
2026/09/11,20260916,202609,28200,call,2
2026/09/11,20260916,202609,28200,put,7
2026/09/11,20260916,202609,28400,call,21
2026/09/11,20260916,202609,28400,put,18
2026/09/11,20260916,202609,28600,call,0
2026/09/11,20260916,202609,28600,put,19
2026/09/11,20260916,202609,28800,call,0
2026/09/11,20260916,202609,28800,put,26
2026/09/11,20260916,202609,29000,call,2
2026/09/11,20260916,202609,29000,put,48
2026/09/11,20260916,202609,29200,call,4
2026/09/11,20260916,202609,29200,put,19
2026/09/11,20260916,202609,29400,call,1
2026/09/11,20260916,202609,29400,put,53
2026/09/11,20260916,202609,29600,call,2
2026/09/11,20260916,202609,29600,put,27
2026/09/11,20260916,202609,29800,call,4
2026/09/11,20260916,202609,29800,put,23
2026/09/11,20260916,202609,30000,call,24
2026/09/11,20260916,202609,30000,put,794
2026/09/11,20260916,202609,30200,call,4
2026/09/11,20260916,202609,30200,put,10
2026/09/11,20260916,202609,30400,call,0
2026/09/11,20260916,202609,30400,put,37
2026/09/11,20260916,202609,30600,call,6
2026/09/11,20260916,202609,30600,put,8
2026/09/11,20260916,202609,30800,call,7
2026/09/11,20260916,202609,30800,put,20
2026/09/11,20260916,202609,31000,call,1
2026/09/11,20260916,202609,31000,put,83
2026/09/11,20260916,202609,31200,call,0
2026/09/11,20260916,202609,31200,put,33
2026/09/11,20260916,202609,31400,call,1
2026/09/11,20260916,202609,31400,put,27
2026/09/11,20260916,202609,31600,call,0
2026/09/11,20260916,202609,31600,put,51
2026/09/11,20260916,202609,31800,call,1
2026/09/11,20260916,202609,31800,put,43
2026/09/11,20260916,202609,32000,call,21
2026/09/11,20260916,202609,32000,put,99
2026/09/11,20260916,202609,32200,call,19
2026/09/11,20260916,202609,32200,put,20
2026/09/11,20260916,202609,32400,call,0
2026/09/11,20260916,202609,32400,put,19
2026/09/11,20260916,202609,32600,call,0
2026/09/11,20260916,202609,32600,put,37
2026/09/11,20260916,202609,32800,call,2
2026/09/11,20260916,202609,32800,put,30
2026/09/11,20260916,202609,33000,call,35
2026/09/11,20260916,202609,33000,put,113
2026/09/11,20260916,202609,33200,call,4
2026/09/11,20260916,202609,33200,put,9
2026/09/11,20260916,202609,33400,call,2
2026/09/11,20260916,202609,33400,put,26
2026/09/11,20260916,202609,33600,call,1
2026/09/11,20260916,202609,33600,put,22
2026/09/11,20260916,202609,33800,call,1
2026/09/11,20260916,202609,33800,put,61
2026/09/11,20260916,202609,33900,call,0
2026/09/11,20260916,202609,33900,put,4
2026/09/11,20260916,202609,34000,call,115
2026/09/11,20260916,202609,34000,put,153
2026/09/11,20260916,202609,34100,call,0
2026/09/11,20260916,202609,34100,put,2
2026/09/11,20260916,202609,34200,call,1
2026/09/11,20260916,202609,34200,put,20
2026/09/11,20260916,202609,34300,call,0
2026/09/11,20260916,202609,34300,put,7
2026/09/11,20260916,202609,34400,call,0
2026/09/11,20260916,202609,34400,put,10
2026/09/11,20260916,202609,34500,call,0
2026/09/11,20260916,202609,34500,put,9
2026/09/11,20260916,202609,34600,call,3
2026/09/11,20260916,202609,34600,put,7
2026/09/11,20260916,202609,34700,call,0
2026/09/11,20260916,202609,34700,put,1
2026/09/11,20260916,202609,34800,call,3
2026/09/11,20260916,202609,34800,put,24
2026/09/11,20260916,202609,34900,call,0
2026/09/11,20260916,202609,34900,put,4
2026/09/11,20260916,202609,35000,call,6
2026/09/11,20260916,202609,35000,put,406
2026/09/11,20260916,202609,35100,call,0
2026/09/11,20260916,202609,35100,put,11
2026/09/11,20260916,202609,35200,call,1
2026/09/11,20260916,202609,35200,put,42
2026/09/11,20260916,202609,35300,call,0
2026/09/11,20260916,202609,35300,put,23
2026/09/11,20260916,202609,35400,call,0
2026/09/11,20260916,202609,35400,put,14
2026/09/11,20260916,202609,35500,call,0
2026/09/11,20260916,202609,35500,put,45
2026/09/11,20260916,202609,35600,call,0
2026/09/11,20260916,202609,35600,put,13
2026/09/11,20260916,202609,35700,call,0
2026/09/11,20260916,202609,35700,put,1
2026/09/11,20260916,202609,35800,call,3
2026/09/11,20260916,202609,35800,put,22
2026/09/11,20260916,202609,35900,call,0
2026/09/11,20260916,202609,35900,put,29
2026/09/11,20260916,202609,36000,call,41
2026/09/11,20260916,202609,36000,put,899
2026/09/11,20260916,202609,36100,call,0
2026/09/11,20260916,202609,36100,put,17
2026/09/11,20260916,202609,36200,call,0
2026/09/11,20260916,202609,36200,put,12
2026/09/11,20260916,202609,36300,call,0
2026/09/11,20260916,202609,36300,put,19
2026/09/11,20260916,202609,36400,call,0
2026/09/11,20260916,202609,36400,put,7
2026/09/11,20260916,202609,36500,call,0
2026/09/11,20260916,202609,36500,put,58
2026/09/11,20260916,202609,36600,call,0
2026/09/11,20260916,202609,36600,put,31
2026/09/11,20260916,202609,36700,call,0
2026/09/11,20260916,202609,36700,put,14
2026/09/11,20260916,202609,36800,call,19
2026/09/11,20260916,202609,36800,put,29
2026/09/11,20260916,202609,36900,call,0
2026/09/11,20260916,202609,36900,put,15
2026/09/11,20260916,202609,37000,call,29
2026/09/11,20260916,202609,37000,put,308
2026/09/11,20260916,202609,37100,call,0
2026/09/11,20260916,202609,37100,put,19
2026/09/11,20260916,202609,37200,call,5
2026/09/11,20260916,202609,37200,put,203
2026/09/11,20260916,202609,37300,call,0
2026/09/11,20260916,202609,37300,put,19
2026/09/11,20260916,202609,37400,call,1
2026/09/11,20260916,202609,37400,put,28
2026/09/11,20260916,202609,37500,call,0
2026/09/11,20260916,202609,37500,put,39
2026/09/11,20260916,202609,37600,call,0
2026/09/11,20260916,202609,37600,put,38
2026/09/11,20260916,202609,37700,call,0
2026/09/11,20260916,202609,37700,put,29
2026/09/11,20260916,202609,37800,call,2
2026/09/11,20260916,202609,37800,put,37
2026/09/11,20260916,202609,37900,call,0
2026/09/11,20260916,202609,37900,put,44
2026/09/11,20260916,202609,38000,call,17
2026/09/11,20260916,202609,38000,put,450
2026/09/11,20260916,202609,38100,call,0
2026/09/11,20260916,202609,38100,put,17
2026/09/11,20260916,202609,38200,call,0
2026/09/11,20260916,202609,38200,put,30
2026/09/11,20260916,202609,38300,call,0
2026/09/11,20260916,202609,38300,put,38
2026/09/11,20260916,202609,38400,call,0
2026/09/11,20260916,202609,38400,put,23
2026/09/11,20260916,202609,38500,call,0
2026/09/11,20260916,202609,38500,put,97
2026/09/11,20260916,202609,38600,call,0
2026/09/11,20260916,202609,38600,put,17
2026/09/11,20260916,202609,38700,call,0
2026/09/11,20260916,202609,38700,put,13
2026/09/11,20260916,202609,38800,call,20
2026/09/11,20260916,202609,38800,put,13
2026/09/11,20260916,202609,38900,call,0
2026/09/11,20260916,202609,38900,put,177
2026/09/11,20260916,202609,39000,call,50
2026/09/11,20260916,202609,39000,put,741
2026/09/11,20260916,202609,39100,call,1
2026/09/11,20260916,202609,39100,put,48
2026/09/11,20260916,202609,39200,call,1
2026/09/11,20260916,202609,39200,put,41
2026/09/11,20260916,202609,39300,call,1
2026/09/11,20260916,202609,39300,put,49
2026/09/11,20260916,202609,39400,call,6
2026/09/11,20260916,202609,39400,put,46
2026/09/11,20260916,202609,39500,call,0
2026/09/11,20260916,202609,39500,put,102
2026/09/11,20260916,202609,39600,call,2
2026/09/11,20260916,202609,39600,put,96
2026/09/11,20260916,202609,39700,call,23
2026/09/11,20260916,202609,39700,put,71
2026/09/11,20260916,202609,39800,call,0
2026/09/11,20260916,202609,39800,put,96
2026/09/11,20260916,202609,39900,call,5
2026/09/11,20260916,202609,39900,put,123
2026/09/11,20260916,202609,40000,call,67
2026/09/11,20260916,202609,40000,put,1892
2026/09/11,20260916,202609,40100,call,0
2026/09/11,20260916,202609,40100,put,42
2026/09/11,20260916,202609,40200,call,4
2026/09/11,20260916,202609,40200,put,16
2026/09/11,20260916,202609,40300,call,0
2026/09/11,20260916,202609,40300,put,41
2026/09/11,20260916,202609,40400,call,8
2026/09/11,20260916,202609,40400,put,162
2026/09/11,20260916,202609,40500,call,1
2026/09/11,20260916,202609,40500,put,126
2026/09/11,20260916,202609,40600,call,3
2026/09/11,20260916,202609,40600,put,53
2026/09/11,20260916,202609,40700,call,18
2026/09/11,20260916,202609,40700,put,375
2026/09/11,20260916,202609,40800,call,7
2026/09/11,20260916,202609,40800,put,107
2026/09/11,20260916,202609,40900,call,0
2026/09/11,20260916,202609,40900,put,50
2026/09/11,20260916,202609,41000,call,10
2026/09/11,20260916,202609,41000,put,601
2026/09/11,20260916,202609,41100,call,5
2026/09/11,20260916,202609,41100,put,61
2026/09/11,20260916,202609,41200,call,5
2026/09/11,20260916,202609,41200,put,509
2026/09/11,20260916,202609,41300,call,20
2026/09/11,20260916,202609,41300,put,93
2026/09/11,20260916,202609,41400,call,2
2026/09/11,20260916,202609,41400,put,47
2026/09/11,20260916,202609,41500,call,3
2026/09/11,20260916,202609,41500,put,165
2026/09/11,20260916,202609,41600,call,5
2026/09/11,20260916,202609,41600,put,132
2026/09/11,20260916,202609,41700,call,2
2026/09/11,20260916,202609,41700,put,214
2026/09/11,20260916,202609,41800,call,2
2026/09/11,20260916,202609,41800,put,117
2026/09/11,20260916,202609,41900,call,2
2026/09/11,20260916,202609,41900,put,152
2026/09/11,20260916,202609,42000,call,605
2026/09/11,20260916,202609,42000,put,1882
2026/09/11,20260916,202609,42100,call,1
2026/09/11,20260916,202609,42100,put,299
2026/09/11,20260916,202609,42200,call,3
2026/09/11,20260916,202609,42200,put,185
2026/09/11,20260916,202609,42300,call,100
2026/09/11,20260916,202609,42300,put,129
2026/09/11,20260916,202609,42400,call,1
2026/09/11,20260916,202609,42400,put,151
2026/09/11,20260916,202609,42500,call,501
2026/09/11,20260916,202609,42500,put,799
2026/09/11,20260916,202609,42600,call,6
2026/09/11,20260916,202609,42600,put,203
2026/09/11,20260916,202609,42700,call,0
2026/09/11,20260916,202609,42700,put,234
2026/09/11,20260916,202609,42800,call,402
2026/09/11,20260916,202609,42800,put,323
2026/09/11,20260916,202609,42900,call,2
2026/09/11,20260916,202609,42900,put,86
2026/09/11,20260916,202609,43000,call,19
2026/09/11,20260916,202609,43000,put,2899
2026/09/11,20260916,202609,43100,call,3
2026/09/11,20260916,202609,43100,put,292
2026/09/11,20260916,202609,43200,call,3
2026/09/11,20260916,202609,43200,put,137
2026/09/11,20260916,202609,43300,call,9
2026/09/11,20260916,202609,43300,put,271
2026/09/11,20260916,202609,43400,call,52
2026/09/11,20260916,202609,43400,put,196
2026/09/11,20260916,202609,43500,call,266
2026/09/11,20260916,202609,43500,put,1005
2026/09/11,20260916,202609,43600,call,25
2026/09/11,20260916,202609,43600,put,429
2026/09/11,20260916,202609,43700,call,6
2026/09/11,20260916,202609,43700,put,204
2026/09/11,20260916,202609,43800,call,6
2026/09/11,20260916,202609,43800,put,249
2026/09/11,20260916,202609,43900,call,24
2026/09/11,20260916,202609,43900,put,461
2026/09/11,20260916,202609,44000,call,45
2026/09/11,20260916,202609,44000,put,1494
2026/09/11,20260916,202609,44100,call,6
2026/09/11,20260916,202609,44100,put,132
2026/09/11,20260916,202609,44200,call,12
2026/09/11,20260916,202609,44200,put,281
2026/09/11,20260916,202609,44300,call,33
2026/09/11,20260916,202609,44300,put,207
2026/09/11,20260916,202609,44400,call,15
2026/09/11,20260916,202609,44400,put,160
2026/09/11,20260916,202609,44500,call,341
2026/09/11,20260916,202609,44500,put,530
2026/09/11,20260916,202609,44550,call,0
2026/09/11,20260916,202609,44550,put,61
2026/09/11,20260916,202609,44600,call,126
2026/09/11,20260916,202609,44600,put,167
2026/09/11,20260916,202609,44650,call,0
2026/09/11,20260916,202609,44650,put,31
2026/09/11,20260916,202609,44700,call,804
2026/09/11,20260916,202609,44700,put,544
2026/09/11,20260916,202609,44750,call,0
2026/09/11,20260916,202609,44750,put,38
2026/09/11,20260916,202609,44800,call,84
2026/09/11,20260916,202609,44800,put,334
2026/09/11,20260916,202609,44850,call,0
2026/09/11,20260916,202609,44850,put,51
2026/09/11,20260916,202609,44900,call,28
2026/09/11,20260916,202609,44900,put,179
2026/09/11,20260916,202609,44950,call,3
2026/09/11,20260916,202609,44950,put,121
2026/09/11,20260916,202609,45000,call,740
2026/09/11,20260916,202609,45000,put,1804
2026/09/11,20260916,202609,45050,call,0
2026/09/11,20260916,202609,45050,put,37
2026/09/11,20260916,202609,45100,call,37
2026/09/11,20260916,202609,45100,put,139
2026/09/11,20260916,202609,45150,call,0
2026/09/11,20260916,202609,45150,put,29
2026/09/11,20260916,202609,45200,call,569
2026/09/11,20260916,202609,45200,put,230
2026/09/11,20260916,202609,45250,call,2
2026/09/11,20260916,202609,45250,put,48
2026/09/11,20260916,202609,45300,call,78
2026/09/11,20260916,202609,45300,put,292
2026/09/11,20260916,202609,45350,call,1
2026/09/11,20260916,202609,45350,put,46
2026/09/11,20260916,202609,45400,call,99
2026/09/11,20260916,202609,45400,put,151
2026/09/11,20260916,202609,45450,call,4
2026/09/11,20260916,202609,45450,put,29
2026/09/11,20260916,202609,45500,call,151
2026/09/11,20260916,202609,45500,put,578
2026/09/11,20260916,202609,45550,call,3
2026/09/11,20260916,202609,45550,put,63
2026/09/11,20260916,202609,45600,call,425
2026/09/11,20260916,202609,45600,put,133
2026/09/11,20260916,202609,45650,call,0
2026/09/11,20260916,202609,45650,put,27
2026/09/11,20260916,202609,45700,call,1299
2026/09/11,20260916,202609,45700,put,185
2026/09/11,20260916,202609,45750,call,3
2026/09/11,20260916,202609,45750,put,42
2026/09/11,20260916,202609,45800,call,434
2026/09/11,20260916,202609,45800,put,198
2026/09/11,20260916,202609,45850,call,5
2026/09/11,20260916,202609,45850,put,38
2026/09/11,20260916,202609,45900,call,51
2026/09/11,20260916,202609,45900,put,122
2026/09/11,20260916,202609,45950,call,6
2026/09/11,20260916,202609,45950,put,36
2026/09/11,20260916,202609,46000,call,459
2026/09/11,20260916,202609,46000,put,941
2026/09/11,20260916,202609,46050,call,14
2026/09/11,20260916,202609,46050,put,41
2026/09/11,20260916,202609,46100,call,479
2026/09/11,20260916,202609,46100,put,186
2026/09/11,20260916,202609,46150,call,127
2026/09/11,20260916,202609,46150,put,68
2026/09/11,20260916,202609,46200,call,398
2026/09/11,20260916,202609,46200,put,226
2026/09/11,20260916,202609,46250,call,29
2026/09/11,20260916,202609,46250,put,54
2026/09/11,20260916,202609,46300,call,340
2026/09/11,20260916,202609,46300,put,161
2026/09/11,20260916,202609,46350,call,54
2026/09/11,20260916,202609,46350,put,41
2026/09/11,20260916,202609,46400,call,281
2026/09/11,20260916,202609,46400,put,180
2026/09/11,20260916,202609,46450,call,46
2026/09/11,20260916,202609,46450,put,22
2026/09/11,20260916,202609,46500,call,921
2026/09/11,20260916,202609,46500,put,350
2026/09/11,20260916,202609,46550,call,33
2026/09/11,20260916,202609,46550,put,20
2026/09/11,20260916,202609,46600,call,535
2026/09/11,20260916,202609,46600,put,148
2026/09/11,20260916,202609,46650,call,35
2026/09/11,20260916,202609,46650,put,23
2026/09/11,20260916,202609,46700,call,282
2026/09/11,20260916,202609,46700,put,134
2026/09/11,20260916,202609,46750,call,33
2026/09/11,20260916,202609,46750,put,14
2026/09/11,20260916,202609,46800,call,672
2026/09/11,20260916,202609,46800,put,128
2026/09/11,20260916,202609,46850,call,49
2026/09/11,20260916,202609,46850,put,17
2026/09/11,20260916,202609,46900,call,349
2026/09/11,20260916,202609,46900,put,138
2026/09/11,20260916,202609,46950,call,73
2026/09/11,20260916,202609,46950,put,26
2026/09/11,20260916,202609,47000,call,1455
2026/09/11,20260916,202609,47000,put,565
2026/09/11,20260916,202609,47050,call,50
2026/09/11,20260916,202609,47050,put,12
2026/09/11,20260916,202609,47100,call,267
2026/09/11,20260916,202609,47100,put,43
2026/09/11,20260916,202609,47150,call,35
2026/09/11,20260916,202609,47150,put,28
2026/09/11,20260916,202609,47200,call,529
2026/09/11,20260916,202609,47200,put,68
2026/09/11,20260916,202609,47250,call,110
2026/09/11,20260916,202609,47250,put,31
2026/09/11,20260916,202609,47300,call,336
2026/09/11,20260916,202609,47300,put,51
2026/09/11,20260916,202609,47350,call,89
2026/09/11,20260916,202609,47350,put,7
2026/09/11,20260916,202609,47400,call,412
2026/09/11,20260916,202609,47400,put,32
2026/09/11,20260916,202609,47450,call,173
2026/09/11,20260916,202609,47450,put,1
2026/09/11,20260916,202609,47500,call,1172
2026/09/11,20260916,202609,47500,put,44
2026/09/11,20260916,202609,47550,call,91
2026/09/11,20260916,202609,47550,put,1
2026/09/11,20260916,202609,47600,call,583
2026/09/11,20260916,202609,47600,put,16
2026/09/11,20260916,202609,47650,call,185
2026/09/11,20260916,202609,47650,put,0
2026/09/11,20260916,202609,47700,call,674
2026/09/11,20260916,202609,47700,put,35
2026/09/11,20260916,202609,47750,call,111
2026/09/11,20260916,202609,47750,put,1
2026/09/11,20260916,202609,47800,call,685
2026/09/11,20260916,202609,47800,put,23
2026/09/11,20260916,202609,47850,call,71
2026/09/11,20260916,202609,47850,put,0
2026/09/11,20260916,202609,47900,call,556
2026/09/11,20260916,202609,47900,put,2
2026/09/11,20260916,202609,47950,call,99
2026/09/11,20260916,202609,47950,put,32
2026/09/11,20260916,202609,48000,call,2168
2026/09/11,20260916,202609,48000,put,40
2026/09/11,20260916,202609,48050,call,183
2026/09/11,20260916,202609,48050,put,1
2026/09/11,20260916,202609,48100,call,405
2026/09/11,20260916,202609,48100,put,4
2026/09/11,20260916,202609,48150,call,71
2026/09/11,20260916,202609,48150,put,1
2026/09/11,20260916,202609,48200,call,783
2026/09/11,20260916,202609,48200,put,2
2026/09/11,20260916,202609,48250,call,715
2026/09/11,20260916,202609,48250,put,1
2026/09/11,20260916,202609,48300,call,481
2026/09/11,20260916,202609,48300,put,5
2026/09/11,20260916,202609,48350,call,63
2026/09/11,20260916,202609,48350,put,1
2026/09/11,20260916,202609,48400,call,356
2026/09/11,20260916,202609,48400,put,10
2026/09/11,20260916,202609,48450,call,107
2026/09/11,20260916,202609,48450,put,1
2026/09/11,20260916,202609,48500,call,1156
2026/09/11,20260916,202609,48500,put,5
2026/09/11,20260916,202609,48550,call,32
2026/09/11,20260916,202609,48550,put,0
2026/09/11,20260916,202609,48600,call,292
2026/09/11,20260916,202609,48600,put,8
2026/09/11,20260916,202609,48650,call,32
2026/09/11,20260916,202609,48650,put,1
2026/09/11,20260916,202609,48700,call,399
2026/09/11,20260916,202609,48700,put,2
2026/09/11,20260916,202609,48800,call,182
2026/09/11,20260916,202609,48800,put,3
2026/09/11,20260916,202609,48900,call,519
2026/09/11,20260916,202609,48900,put,1
2026/09/11,20260916,202609,49000,call,1916
2026/09/11,20260916,202609,49000,put,7
2026/09/11,20260916,202609,49100,call,487
2026/09/11,20260916,202609,49100,put,2
2026/09/11,20260916,202609,49200,call,96
2026/09/11,20260916,202609,49200,put,5
2026/09/11,20260916,202609,49300,call,213
2026/09/11,20260916,202609,49300,put,3
2026/09/11,20260916,202609,49400,call,181
2026/09/11,20260916,202609,49400,put,0
2026/09/11,20260916,202609,49500,call,319
2026/09/11,20260916,202609,49500,put,1
2026/09/11,20260916,202609,49600,call,104
2026/09/11,20260916,202609,49600,put,2
2026/09/11,20260916,202609,49700,call,81
2026/09/11,20260916,202609,49700,put,3
2026/09/11,20260916,202609,49800,call,114
2026/09/11,20260916,202609,49800,put,1
2026/09/11,20260916,202609,49900,call,155
2026/09/11,20260916,202609,49900,put,0
2026/09/11,20260916,202609,50000,call,3245
2026/09/11,20260916,202609,50000,put,2
2026/09/11,20260916,202609,50100,call,52
2026/09/11,20260916,202609,50100,put,0
2026/09/11,20260916,202609,50200,call,58
2026/09/11,20260916,202609,50200,put,0
2026/09/11,20260916,202609,50300,call,13
2026/09/11,20260916,202609,50300,put,0
2026/09/11,20260916,202609,50400,call,45
2026/09/11,20260916,202609,50400,put,0
2026/09/11,20260916,202609,50500,call,1516
2026/09/11,20260916,202609,50500,put,0
2026/09/11,20260916,202609,50600,call,743
2026/09/11,20260916,202609,50600,put,0
2026/09/11,20260916,202609,50700,call,228
2026/09/11,20260916,202609,50700,put,0
2026/09/11,20260916,202609,50800,call,793
2026/09/11,20260916,202609,50800,put,0
2026/09/11,20260916,202609,50900,call,232
2026/09/11,20260916,202609,50900,put,0
2026/09/11,20260916,202609,51000,call,2836
2026/09/11,20260916,202609,51000,put,1
2026/09/11,20260916,202609,51100,call,352
2026/09/11,20260916,202609,51100,put,0
2026/09/11,20260916,202609,51200,call,262
2026/09/11,20260916,202609,51200,put,0
2026/09/11,20260916,202609,51300,call,333
2026/09/11,20260916,202609,51300,put,0
2026/09/11,20260916,202609,51400,call,10
2026/09/11,20260916,202609,51400,put,0
2026/09/11,20260916,202609,51500,call,101
2026/09/11,20260916,202609,51500,put,0
2026/09/11,20260916,202609,51600,call,14
2026/09/11,20260916,202609,51600,put,0
2026/09/11,20260916,202609,51700,call,18
2026/09/11,20260916,202609,51700,put,0
2026/09/11,20260916,202609,51800,call,9
2026/09/11,20260916,202609,51800,put,0
2026/09/11,20260916,202609,51900,call,11
2026/09/11,20260916,202609,51900,put,0
2026/09/11,20260916,202609,52000,call,1160
2026/09/11,20260916,202609,52000,put,0
2026/09/11,20260916,202609,52100,call,19
2026/09/11,20260916,202609,52100,put,0
2026/09/11,20260916,202609,52200,call,14
2026/09/11,20260916,202609,52200,put,0
2026/09/11,20260916,202609,52300,call,9
2026/09/11,20260916,202609,52300,put,0
2026/09/11,20260916,202609,52400,call,15
2026/09/11,20260916,202609,52400,put,0
2026/09/11,20260916,202609,52500,call,84
2026/09/11,20260916,202609,52500,put,0
2026/09/11,20260916,202609,52600,call,82
2026/09/11,20260916,202609,52600,put,0
2026/09/11,20260916,202609,52700,call,24
2026/09/11,20260916,202609,52700,put,0
2026/09/11,20260916,202609,52800,call,16
2026/09/11,20260916,202609,52800,put,0
2026/09/11,20260916,202609,52900,call,46
2026/09/11,20260916,202609,52900,put,0
2026/09/11,20260916,202609,53000,call,1076
2026/09/11,20260916,202609,53000,put,0
2026/09/11,20260916,202609,53100,call,43
2026/09/11,20260916,202609,53100,put,0
2026/09/11,20260916,202609,53200,call,10
2026/09/11,20260916,202609,53200,put,0
2026/09/11,20260916,202609,53300,call,34
2026/09/11,20260916,202609,53300,put,0
2026/09/11,20260916,202609,53400,call,6
2026/09/11,20260916,202609,53400,put,0
2026/09/11,20260916,202609,53500,call,101
2026/09/11,20260916,202609,53500,put,0
2026/09/11,20260916,202609,53600,call,5
2026/09/11,20260916,202609,53600,put,0
2026/09/11,20260916,202609,53700,call,21
2026/09/11,20260916,202609,53700,put,0
2026/09/11,20260916,202609,53800,call,12
2026/09/11,20260916,202609,53800,put,0
2026/09/11,20260916,202609,53900,call,22
2026/09/11,20260916,202609,53900,put,0
2026/09/11,20260916,202609,54000,call,175
2026/09/11,20260916,202609,54000,put,1
2026/09/11,20260916,202609,54100,call,28
2026/09/11,20260916,202609,54100,put,0
2026/09/11,20260916,202609,54200,call,31
2026/09/11,20260916,202609,54200,put,0
2026/09/11,20260916,202609,54300,call,24
2026/09/11,20260916,202609,54300,put,0
2026/09/11,20260916,202609,54400,call,27
2026/09/11,20260916,202609,54400,put,0
2026/09/11,20260916,202609,54500,call,134
2026/09/11,20260916,202609,54500,put,0
2026/09/11,20260916,202609,54600,call,48
2026/09/11,20260916,202609,54600,put,0
2026/09/11,20260916,202609,54700,call,40
2026/09/11,20260916,202609,54700,put,0
2026/09/11,20260916,202609,54800,call,25
2026/09/11,20260916,202609,54800,put,0
2026/09/11,20260916,202609,54900,call,9
2026/09/11,20260916,202609,54900,put,0
2026/09/11,20260916,202609,55000,call,335
2026/09/11,20260916,202609,55000,put,1
2026/09/11,20260916,202609,55200,call,9
2026/09/11,20260916,202609,55200,put,0
2026/09/11,20260916,202609,55400,call,33
2026/09/11,20260916,202609,55400,put,176
2026/09/11,20260916,202609,55600,call,19
2026/09/11,20260916,202609,55600,put,0
2026/09/11,20260916,202609,55800,call,915
2026/09/11,20260916,202609,55800,put,0
2026/09/14,20260916,202609,21800,call,4
2026/09/14,20260916,202609,21800,put,1793
2026/09/14,20260916,202609,22000,call,6
2026/09/14,20260916,202609,22000,put,321
2026/09/14,20260916,202609,22200,call,0
2026/09/14,20260916,202609,22200,put,256
2026/09/14,20260916,202609,22400,call,0
2026/09/14,20260916,202609,22400,put,253
2026/09/14,20260916,202609,22600,call,0
2026/09/14,20260916,202609,22600,put,311
2026/09/14,20260916,202609,22800,call,0
2026/09/14,20260916,202609,22800,put,83
2026/09/14,20260916,202609,23000,call,0
2026/09/14,20260916,202609,23000,put,144
2026/09/14,20260916,202609,23200,call,0
2026/09/14,20260916,202609,23200,put,242
2026/09/14,20260916,202609,23400,call,0
2026/09/14,20260916,202609,23400,put,11
2026/09/14,20260916,202609,23600,call,0
2026/09/14,20260916,202609,23600,put,11
2026/09/14,20260916,202609,23800,call,0
2026/09/14,20260916,202609,23800,put,14
2026/09/14,20260916,202609,24000,call,0
2026/09/14,20260916,202609,24000,put,108
2026/09/14,20260916,202609,24200,call,0
2026/09/14,20260916,202609,24200,put,82
2026/09/14,20260916,202609,24400,call,0
2026/09/14,20260916,202609,24400,put,112
2026/09/14,20260916,202609,24600,call,0
2026/09/14,20260916,202609,24600,put,52
2026/09/14,20260916,202609,24800,call,0
2026/09/14,20260916,202609,24800,put,85
2026/09/14,20260916,202609,25000,call,0
2026/09/14,20260916,202609,25000,put,118
2026/09/14,20260916,202609,25200,call,0
2026/09/14,20260916,202609,25200,put,29
2026/09/14,20260916,202609,25400,call,0
2026/09/14,20260916,202609,25400,put,43
2026/09/14,20260916,202609,25600,call,0
2026/09/14,20260916,202609,25600,put,23
2026/09/14,20260916,202609,25800,call,164
2026/09/14,20260916,202609,25800,put,33
2026/09/14,20260916,202609,26000,call,0
2026/09/14,20260916,202609,26000,put,104
2026/09/14,20260916,202609,26200,call,0
2026/09/14,20260916,202609,26200,put,24
2026/09/14,20260916,202609,26400,call,0
2026/09/14,20260916,202609,26400,put,15
2026/09/14,20260916,202609,26600,call,0
2026/09/14,20260916,202609,26600,put,24
2026/09/14,20260916,202609,26800,call,25
2026/09/14,20260916,202609,26800,put,31
2026/09/14,20260916,202609,27000,call,3
2026/09/14,20260916,202609,27000,put,16
2026/09/14,20260916,202609,27200,call,0
2026/09/14,20260916,202609,27200,put,6
2026/09/14,20260916,202609,27400,call,2
2026/09/14,20260916,202609,27400,put,11
2026/09/14,20260916,202609,27600,call,2
2026/09/14,20260916,202609,27600,put,8
2026/09/14,20260916,202609,27800,call,7
2026/09/14,20260916,202609,27800,put,22
2026/09/14,20260916,202609,28000,call,1
2026/09/14,20260916,202609,28000,put,60
2026/09/14,20260916,202609,28200,call,2
2026/09/14,20260916,202609,28200,put,7
2026/09/14,20260916,202609,28400,call,21
2026/09/14,20260916,202609,28400,put,18
2026/09/14,20260916,202609,28600,call,0
2026/09/14,20260916,202609,28600,put,19
2026/09/14,20260916,202609,28800,call,0
2026/09/14,20260916,202609,28800,put,26
2026/09/14,20260916,202609,29000,call,2
2026/09/14,20260916,202609,29000,put,48
2026/09/14,20260916,202609,29200,call,4
2026/09/14,20260916,202609,29200,put,19
2026/09/14,20260916,202609,29400,call,1
2026/09/14,20260916,202609,29400,put,53
2026/09/14,20260916,202609,29600,call,2
2026/09/14,20260916,202609,29600,put,27
2026/09/14,20260916,202609,29800,call,4
2026/09/14,20260916,202609,29800,put,23
2026/09/14,20260916,202609,30000,call,24
2026/09/14,20260916,202609,30000,put,794
2026/09/14,20260916,202609,30200,call,4
2026/09/14,20260916,202609,30200,put,10
2026/09/14,20260916,202609,30400,call,0
2026/09/14,20260916,202609,30400,put,37
2026/09/14,20260916,202609,30600,call,6
2026/09/14,20260916,202609,30600,put,8
2026/09/14,20260916,202609,30800,call,7
2026/09/14,20260916,202609,30800,put,20
2026/09/14,20260916,202609,31000,call,1
2026/09/14,20260916,202609,31000,put,83
2026/09/14,20260916,202609,31200,call,0
2026/09/14,20260916,202609,31200,put,33
2026/09/14,20260916,202609,31400,call,1
2026/09/14,20260916,202609,31400,put,27
2026/09/14,20260916,202609,31600,call,0
2026/09/14,20260916,202609,31600,put,51
2026/09/14,20260916,202609,31800,call,1
2026/09/14,20260916,202609,31800,put,43
2026/09/14,20260916,202609,32000,call,21
2026/09/14,20260916,202609,32000,put,99
2026/09/14,20260916,202609,32200,call,19
2026/09/14,20260916,202609,32200,put,20
2026/09/14,20260916,202609,32400,call,0
2026/09/14,20260916,202609,32400,put,19
2026/09/14,20260916,202609,32600,call,0
2026/09/14,20260916,202609,32600,put,37
2026/09/14,20260916,202609,32800,call,2
2026/09/14,20260916,202609,32800,put,30
2026/09/14,20260916,202609,33000,call,35
2026/09/14,20260916,202609,33000,put,112
2026/09/14,20260916,202609,33200,call,4
2026/09/14,20260916,202609,33200,put,9
2026/09/14,20260916,202609,33400,call,2
2026/09/14,20260916,202609,33400,put,26
2026/09/14,20260916,202609,33600,call,1
2026/09/14,20260916,202609,33600,put,22
2026/09/14,20260916,202609,33800,call,1
2026/09/14,20260916,202609,33800,put,61
2026/09/14,20260916,202609,33900,call,0
2026/09/14,20260916,202609,33900,put,4
2026/09/14,20260916,202609,34000,call,115
2026/09/14,20260916,202609,34000,put,152
2026/09/14,20260916,202609,34100,call,0
2026/09/14,20260916,202609,34100,put,2
2026/09/14,20260916,202609,34200,call,1
2026/09/14,20260916,202609,34200,put,20
2026/09/14,20260916,202609,34300,call,0
2026/09/14,20260916,202609,34300,put,7
2026/09/14,20260916,202609,34400,call,0
2026/09/14,20260916,202609,34400,put,10
2026/09/14,20260916,202609,34500,call,0
2026/09/14,20260916,202609,34500,put,12
2026/09/14,20260916,202609,34600,call,3
2026/09/14,20260916,202609,34600,put,7
2026/09/14,20260916,202609,34700,call,0
2026/09/14,20260916,202609,34700,put,1
2026/09/14,20260916,202609,34800,call,3
2026/09/14,20260916,202609,34800,put,24
2026/09/14,20260916,202609,34900,call,0
2026/09/14,20260916,202609,34900,put,4
2026/09/14,20260916,202609,35000,call,6
2026/09/14,20260916,202609,35000,put,406
2026/09/14,20260916,202609,35100,call,0
2026/09/14,20260916,202609,35100,put,11
2026/09/14,20260916,202609,35200,call,1
2026/09/14,20260916,202609,35200,put,42
2026/09/14,20260916,202609,35300,call,0
2026/09/14,20260916,202609,35300,put,23
2026/09/14,20260916,202609,35400,call,0
2026/09/14,20260916,202609,35400,put,14
2026/09/14,20260916,202609,35500,call,0
2026/09/14,20260916,202609,35500,put,50
2026/09/14,20260916,202609,35600,call,0
2026/09/14,20260916,202609,35600,put,9
2026/09/14,20260916,202609,35700,call,0
2026/09/14,20260916,202609,35700,put,2
2026/09/14,20260916,202609,35800,call,3
2026/09/14,20260916,202609,35800,put,21
2026/09/14,20260916,202609,35900,call,0
2026/09/14,20260916,202609,35900,put,29
2026/09/14,20260916,202609,36000,call,41
2026/09/14,20260916,202609,36000,put,842
2026/09/14,20260916,202609,36100,call,0
2026/09/14,20260916,202609,36100,put,16
2026/09/14,20260916,202609,36200,call,0
2026/09/14,20260916,202609,36200,put,63
2026/09/14,20260916,202609,36300,call,0
2026/09/14,20260916,202609,36300,put,55
2026/09/14,20260916,202609,36400,call,0
2026/09/14,20260916,202609,36400,put,7
2026/09/14,20260916,202609,36500,call,0
2026/09/14,20260916,202609,36500,put,60
2026/09/14,20260916,202609,36600,call,0
2026/09/14,20260916,202609,36600,put,81
2026/09/14,20260916,202609,36700,call,0
2026/09/14,20260916,202609,36700,put,64
2026/09/14,20260916,202609,36800,call,19
2026/09/14,20260916,202609,36800,put,29
2026/09/14,20260916,202609,36900,call,0
2026/09/14,20260916,202609,36900,put,136
2026/09/14,20260916,202609,37000,call,29
2026/09/14,20260916,202609,37000,put,512
2026/09/14,20260916,202609,37100,call,0
2026/09/14,20260916,202609,37100,put,19
2026/09/14,20260916,202609,37200,call,5
2026/09/14,20260916,202609,37200,put,76
2026/09/14,20260916,202609,37300,call,0
2026/09/14,20260916,202609,37300,put,19
2026/09/14,20260916,202609,37400,call,1
2026/09/14,20260916,202609,37400,put,28
2026/09/14,20260916,202609,37500,call,0
2026/09/14,20260916,202609,37500,put,39
2026/09/14,20260916,202609,37600,call,0
2026/09/14,20260916,202609,37600,put,37
2026/09/14,20260916,202609,37700,call,0
2026/09/14,20260916,202609,37700,put,25
2026/09/14,20260916,202609,37800,call,2
2026/09/14,20260916,202609,37800,put,42
2026/09/14,20260916,202609,37900,call,0
2026/09/14,20260916,202609,37900,put,50
2026/09/14,20260916,202609,38000,call,17
2026/09/14,20260916,202609,38000,put,445
2026/09/14,20260916,202609,38100,call,0
2026/09/14,20260916,202609,38100,put,14
2026/09/14,20260916,202609,38200,call,0
2026/09/14,20260916,202609,38200,put,31
2026/09/14,20260916,202609,38300,call,0
2026/09/14,20260916,202609,38300,put,20
2026/09/14,20260916,202609,38400,call,0
2026/09/14,20260916,202609,38400,put,19
2026/09/14,20260916,202609,38500,call,0
2026/09/14,20260916,202609,38500,put,62
2026/09/14,20260916,202609,38600,call,0
2026/09/14,20260916,202609,38600,put,16
2026/09/14,20260916,202609,38700,call,0
2026/09/14,20260916,202609,38700,put,12
2026/09/14,20260916,202609,38800,call,19
2026/09/14,20260916,202609,38800,put,13
2026/09/14,20260916,202609,38900,call,0
2026/09/14,20260916,202609,38900,put,91
2026/09/14,20260916,202609,39000,call,50
2026/09/14,20260916,202609,39000,put,627
2026/09/14,20260916,202609,39100,call,1
2026/09/14,20260916,202609,39100,put,48
2026/09/14,20260916,202609,39200,call,1
2026/09/14,20260916,202609,39200,put,42
2026/09/14,20260916,202609,39300,call,1
2026/09/14,20260916,202609,39300,put,50
2026/09/14,20260916,202609,39400,call,6
2026/09/14,20260916,202609,39400,put,46
2026/09/14,20260916,202609,39500,call,0
2026/09/14,20260916,202609,39500,put,118
2026/09/14,20260916,202609,39600,call,2
2026/09/14,20260916,202609,39600,put,103
2026/09/14,20260916,202609,39700,call,23
2026/09/14,20260916,202609,39700,put,76
2026/09/14,20260916,202609,39800,call,0
2026/09/14,20260916,202609,39800,put,131
2026/09/14,20260916,202609,39900,call,5
2026/09/14,20260916,202609,39900,put,120
2026/09/14,20260916,202609,40000,call,67
2026/09/14,20260916,202609,40000,put,1856
2026/09/14,20260916,202609,40100,call,0
2026/09/14,20260916,202609,40100,put,53
2026/09/14,20260916,202609,40200,call,4
2026/09/14,20260916,202609,40200,put,31
2026/09/14,20260916,202609,40300,call,0
2026/09/14,20260916,202609,40300,put,39
2026/09/14,20260916,202609,40400,call,8
2026/09/14,20260916,202609,40400,put,184
2026/09/14,20260916,202609,40500,call,1
2026/09/14,20260916,202609,40500,put,127
2026/09/14,20260916,202609,40600,call,3
2026/09/14,20260916,202609,40600,put,57
2026/09/14,20260916,202609,40700,call,18
2026/09/14,20260916,202609,40700,put,366
2026/09/14,20260916,202609,40800,call,7
2026/09/14,20260916,202609,40800,put,128
2026/09/14,20260916,202609,40900,call,0
2026/09/14,20260916,202609,40900,put,69
2026/09/14,20260916,202609,41000,call,9
2026/09/14,20260916,202609,41000,put,572
2026/09/14,20260916,202609,41100,call,5
2026/09/14,20260916,202609,41100,put,62
2026/09/14,20260916,202609,41200,call,5
2026/09/14,20260916,202609,41200,put,534
2026/09/14,20260916,202609,41300,call,20
2026/09/14,20260916,202609,41300,put,106
2026/09/14,20260916,202609,41400,call,2
2026/09/14,20260916,202609,41400,put,54
2026/09/14,20260916,202609,41500,call,3
2026/09/14,20260916,202609,41500,put,215
2026/09/14,20260916,202609,41600,call,5
2026/09/14,20260916,202609,41600,put,145
2026/09/14,20260916,202609,41700,call,2
2026/09/14,20260916,202609,41700,put,193
2026/09/14,20260916,202609,41800,call,2
2026/09/14,20260916,202609,41800,put,132
2026/09/14,20260916,202609,41900,call,2
2026/09/14,20260916,202609,41900,put,149
2026/09/14,20260916,202609,42000,call,605
2026/09/14,20260916,202609,42000,put,1780
2026/09/14,20260916,202609,42100,call,1
2026/09/14,20260916,202609,42100,put,303
2026/09/14,20260916,202609,42200,call,3
2026/09/14,20260916,202609,42200,put,130
2026/09/14,20260916,202609,42300,call,100
2026/09/14,20260916,202609,42300,put,154
2026/09/14,20260916,202609,42400,call,1
2026/09/14,20260916,202609,42400,put,154
2026/09/14,20260916,202609,42500,call,501
2026/09/14,20260916,202609,42500,put,909
2026/09/14,20260916,202609,42600,call,6
2026/09/14,20260916,202609,42600,put,296
2026/09/14,20260916,202609,42700,call,0
2026/09/14,20260916,202609,42700,put,134
2026/09/14,20260916,202609,42800,call,402
2026/09/14,20260916,202609,42800,put,636
2026/09/14,20260916,202609,42900,call,2
2026/09/14,20260916,202609,42900,put,514
2026/09/14,20260916,202609,43000,call,19
2026/09/14,20260916,202609,43000,put,3088
2026/09/14,20260916,202609,43100,call,3
2026/09/14,20260916,202609,43100,put,360
2026/09/14,20260916,202609,43200,call,3
2026/09/14,20260916,202609,43200,put,307
2026/09/14,20260916,202609,43300,call,9
2026/09/14,20260916,202609,43300,put,450
2026/09/14,20260916,202609,43400,call,52
2026/09/14,20260916,202609,43400,put,651
2026/09/14,20260916,202609,43500,call,265
2026/09/14,20260916,202609,43500,put,1554
2026/09/14,20260916,202609,43600,call,24
2026/09/14,20260916,202609,43600,put,485
2026/09/14,20260916,202609,43700,call,6
2026/09/14,20260916,202609,43700,put,312
2026/09/14,20260916,202609,43800,call,5
2026/09/14,20260916,202609,43800,put,580
2026/09/14,20260916,202609,43900,call,23
2026/09/14,20260916,202609,43900,put,710
2026/09/14,20260916,202609,44000,call,41
2026/09/14,20260916,202609,44000,put,2909
2026/09/14,20260916,202609,44100,call,6
2026/09/14,20260916,202609,44100,put,234
2026/09/14,20260916,202609,44200,call,12
2026/09/14,20260916,202609,44200,put,543
2026/09/14,20260916,202609,44300,call,33
2026/09/14,20260916,202609,44300,put,531
2026/09/14,20260916,202609,44400,call,16
2026/09/14,20260916,202609,44400,put,424
2026/09/14,20260916,202609,44500,call,820
2026/09/14,20260916,202609,44500,put,994
2026/09/14,20260916,202609,44550,call,0
2026/09/14,20260916,202609,44550,put,102
2026/09/14,20260916,202609,44600,call,137
2026/09/14,20260916,202609,44600,put,452
2026/09/14,20260916,202609,44650,call,1
2026/09/14,20260916,202609,44650,put,204
2026/09/14,20260916,202609,44700,call,806
2026/09/14,20260916,202609,44700,put,720
2026/09/14,20260916,202609,44750,call,1
2026/09/14,20260916,202609,44750,put,243
2026/09/14,20260916,202609,44800,call,400
2026/09/14,20260916,202609,44800,put,722
2026/09/14,20260916,202609,44850,call,0
2026/09/14,20260916,202609,44850,put,494
2026/09/14,20260916,202609,44900,call,29
2026/09/14,20260916,202609,44900,put,457
2026/09/14,20260916,202609,44950,call,22
2026/09/14,20260916,202609,44950,put,335
2026/09/14,20260916,202609,45000,call,738
2026/09/14,20260916,202609,45000,put,2453
2026/09/14,20260916,202609,45050,call,1
2026/09/14,20260916,202609,45050,put,132
2026/09/14,20260916,202609,45100,call,44
2026/09/14,20260916,202609,45100,put,493
2026/09/14,20260916,202609,45150,call,19
2026/09/14,20260916,202609,45150,put,103
2026/09/14,20260916,202609,45200,call,657
2026/09/14,20260916,202609,45200,put,572
2026/09/14,20260916,202609,45250,call,30
2026/09/14,20260916,202609,45250,put,243
2026/09/14,20260916,202609,45300,call,122
2026/09/14,20260916,202609,45300,put,765
2026/09/14,20260916,202609,45350,call,32
2026/09/14,20260916,202609,45350,put,208
2026/09/14,20260916,202609,45400,call,136
2026/09/14,20260916,202609,45400,put,630
2026/09/14,20260916,202609,45450,call,26
2026/09/14,20260916,202609,45450,put,232
2026/09/14,20260916,202609,45500,call,218
2026/09/14,20260916,202609,45500,put,1281
2026/09/14,20260916,202609,45550,call,46
2026/09/14,20260916,202609,45550,put,187
2026/09/14,20260916,202609,45600,call,522
2026/09/14,20260916,202609,45600,put,424
2026/09/14,20260916,202609,45650,call,55
2026/09/14,20260916,202609,45650,put,195
2026/09/14,20260916,202609,45700,call,1620
2026/09/14,20260916,202609,45700,put,627
2026/09/14,20260916,202609,45750,call,206
2026/09/14,20260916,202609,45750,put,126
2026/09/14,20260916,202609,45800,call,724
2026/09/14,20260916,202609,45800,put,454
2026/09/14,20260916,202609,45850,call,278
2026/09/14,20260916,202609,45850,put,244
2026/09/14,20260916,202609,45900,call,292
2026/09/14,20260916,202609,45900,put,557
2026/09/14,20260916,202609,45950,call,92
2026/09/14,20260916,202609,45950,put,96
2026/09/14,20260916,202609,46000,call,1216
2026/09/14,20260916,202609,46000,put,1151
2026/09/14,20260916,202609,46050,call,131
2026/09/14,20260916,202609,46050,put,191
2026/09/14,20260916,202609,46100,call,768
2026/09/14,20260916,202609,46100,put,315
2026/09/14,20260916,202609,46150,call,153
2026/09/14,20260916,202609,46150,put,80
2026/09/14,20260916,202609,46200,call,1128
2026/09/14,20260916,202609,46200,put,256
2026/09/14,20260916,202609,46250,call,157
2026/09/14,20260916,202609,46250,put,86
2026/09/14,20260916,202609,46300,call,823
2026/09/14,20260916,202609,46300,put,190
2026/09/14,20260916,202609,46350,call,345
2026/09/14,20260916,202609,46350,put,74
2026/09/14,20260916,202609,46400,call,784
2026/09/14,20260916,202609,46400,put,437
2026/09/14,20260916,202609,46450,call,145
2026/09/14,20260916,202609,46450,put,62
2026/09/14,20260916,202609,46500,call,2078
2026/09/14,20260916,202609,46500,put,670
2026/09/14,20260916,202609,46550,call,223
2026/09/14,20260916,202609,46550,put,65
2026/09/14,20260916,202609,46600,call,1195
2026/09/14,20260916,202609,46600,put,157
2026/09/14,20260916,202609,46650,call,225
2026/09/14,20260916,202609,46650,put,85
2026/09/14,20260916,202609,46700,call,1220
2026/09/14,20260916,202609,46700,put,149
2026/09/14,20260916,202609,46750,call,323
2026/09/14,20260916,202609,46750,put,30
2026/09/14,20260916,202609,46800,call,1742
2026/09/14,20260916,202609,46800,put,263
2026/09/14,20260916,202609,46850,call,263
2026/09/14,20260916,202609,46850,put,19
2026/09/14,20260916,202609,46900,call,766
2026/09/14,20260916,202609,46900,put,127
2026/09/14,20260916,202609,46950,call,176
2026/09/14,20260916,202609,46950,put,30
2026/09/14,20260916,202609,47000,call,2028
2026/09/14,20260916,202609,47000,put,553
2026/09/14,20260916,202609,47050,call,188
2026/09/14,20260916,202609,47050,put,15
2026/09/14,20260916,202609,47100,call,591
2026/09/14,20260916,202609,47100,put,47
2026/09/14,20260916,202609,47150,call,140
2026/09/14,20260916,202609,47150,put,31
2026/09/14,20260916,202609,47200,call,797
2026/09/14,20260916,202609,47200,put,66
2026/09/14,20260916,202609,47250,call,218
2026/09/14,20260916,202609,47250,put,27
2026/09/14,20260916,202609,47300,call,830
2026/09/14,20260916,202609,47300,put,51
2026/09/14,20260916,202609,47350,call,165
2026/09/14,20260916,202609,47350,put,7
2026/09/14,20260916,202609,47400,call,706
2026/09/14,20260916,202609,47400,put,26
2026/09/14,20260916,202609,47450,call,196
2026/09/14,20260916,202609,47450,put,3
2026/09/14,20260916,202609,47500,call,1845
2026/09/14,20260916,202609,47500,put,34
2026/09/14,20260916,202609,47550,call,206
2026/09/14,20260916,202609,47550,put,5
2026/09/14,20260916,202609,47600,call,544
2026/09/14,20260916,202609,47600,put,15
2026/09/14,20260916,202609,47650,call,183
2026/09/14,20260916,202609,47650,put,0
2026/09/14,20260916,202609,47700,call,998
2026/09/14,20260916,202609,47700,put,45
2026/09/14,20260916,202609,47750,call,235
2026/09/14,20260916,202609,47750,put,1
2026/09/14,20260916,202609,47800,call,1087
2026/09/14,20260916,202609,47800,put,17
2026/09/14,20260916,202609,47850,call,338
2026/09/14,20260916,202609,47850,put,0
2026/09/14,20260916,202609,47900,call,554
2026/09/14,20260916,202609,47900,put,2
2026/09/14,20260916,202609,47950,call,88
2026/09/14,20260916,202609,47950,put,32
2026/09/14,20260916,202609,48000,call,2331
2026/09/14,20260916,202609,48000,put,40
2026/09/14,20260916,202609,48050,call,164
2026/09/14,20260916,202609,48050,put,1
2026/09/14,20260916,202609,48100,call,463
2026/09/14,20260916,202609,48100,put,2
2026/09/14,20260916,202609,48150,call,51
2026/09/14,20260916,202609,48150,put,1
2026/09/14,20260916,202609,48200,call,810
2026/09/14,20260916,202609,48200,put,2
2026/09/14,20260916,202609,48250,call,715
2026/09/14,20260916,202609,48250,put,1
2026/09/14,20260916,202609,48300,call,534
2026/09/14,20260916,202609,48300,put,4
2026/09/14,20260916,202609,48350,call,202
2026/09/14,20260916,202609,48350,put,1
2026/09/14,20260916,202609,48400,call,493
2026/09/14,20260916,202609,48400,put,10
2026/09/14,20260916,202609,48450,call,178
2026/09/14,20260916,202609,48450,put,1
2026/09/14,20260916,202609,48500,call,1169
2026/09/14,20260916,202609,48500,put,5
2026/09/14,20260916,202609,48550,call,65
2026/09/14,20260916,202609,48550,put,0
2026/09/14,20260916,202609,48600,call,340
2026/09/14,20260916,202609,48600,put,8
2026/09/14,20260916,202609,48650,call,52
2026/09/14,20260916,202609,48650,put,1
2026/09/14,20260916,202609,48700,call,385
2026/09/14,20260916,202609,48700,put,2
2026/09/14,20260916,202609,48800,call,245
2026/09/14,20260916,202609,48800,put,3
2026/09/14,20260916,202609,48900,call,520
2026/09/14,20260916,202609,48900,put,1
2026/09/14,20260916,202609,49000,call,1950
2026/09/14,20260916,202609,49000,put,7
2026/09/14,20260916,202609,49100,call,577
2026/09/14,20260916,202609,49100,put,2
2026/09/14,20260916,202609,49200,call,420
2026/09/14,20260916,202609,49200,put,5
2026/09/14,20260916,202609,49300,call,277
2026/09/14,20260916,202609,49300,put,2
2026/09/14,20260916,202609,49400,call,194
2026/09/14,20260916,202609,49400,put,0
2026/09/14,20260916,202609,49500,call,547
2026/09/14,20260916,202609,49500,put,1
2026/09/14,20260916,202609,49600,call,115
2026/09/14,20260916,202609,49600,put,2
2026/09/14,20260916,202609,49700,call,90
2026/09/14,20260916,202609,49700,put,3
2026/09/14,20260916,202609,49800,call,285
2026/09/14,20260916,202609,49800,put,1
2026/09/14,20260916,202609,49900,call,155
2026/09/14,20260916,202609,49900,put,0
2026/09/14,20260916,202609,50000,call,3360
2026/09/14,20260916,202609,50000,put,2
2026/09/14,20260916,202609,50100,call,256
2026/09/14,20260916,202609,50100,put,0
2026/09/14,20260916,202609,50200,call,61
2026/09/14,20260916,202609,50200,put,0
2026/09/14,20260916,202609,50300,call,18
2026/09/14,20260916,202609,50300,put,0
2026/09/14,20260916,202609,50400,call,45
2026/09/14,20260916,202609,50400,put,0
2026/09/14,20260916,202609,50500,call,1583
2026/09/14,20260916,202609,50500,put,0
2026/09/14,20260916,202609,50600,call,759
2026/09/14,20260916,202609,50600,put,0
2026/09/14,20260916,202609,50700,call,228
2026/09/14,20260916,202609,50700,put,0
2026/09/14,20260916,202609,50800,call,803
2026/09/14,20260916,202609,50800,put,0
2026/09/14,20260916,202609,50900,call,232
2026/09/14,20260916,202609,50900,put,0
2026/09/14,20260916,202609,51000,call,2808
2026/09/14,20260916,202609,51000,put,1
2026/09/14,20260916,202609,51100,call,345
2026/09/14,20260916,202609,51100,put,0
2026/09/14,20260916,202609,51200,call,255
2026/09/14,20260916,202609,51200,put,0
2026/09/14,20260916,202609,51300,call,333
2026/09/14,20260916,202609,51300,put,0
2026/09/14,20260916,202609,51400,call,10
2026/09/14,20260916,202609,51400,put,0
2026/09/14,20260916,202609,51500,call,98
2026/09/14,20260916,202609,51500,put,0
2026/09/14,20260916,202609,51600,call,9
2026/09/14,20260916,202609,51600,put,0
2026/09/14,20260916,202609,51700,call,16
2026/09/14,20260916,202609,51700,put,0
2026/09/14,20260916,202609,51800,call,9
2026/09/14,20260916,202609,51800,put,0
2026/09/14,20260916,202609,51900,call,11
2026/09/14,20260916,202609,51900,put,0
2026/09/14,20260916,202609,52000,call,1158
2026/09/14,20260916,202609,52000,put,0
2026/09/14,20260916,202609,52100,call,19
2026/09/14,20260916,202609,52100,put,0
2026/09/14,20260916,202609,52200,call,14
2026/09/14,20260916,202609,52200,put,0
2026/09/14,20260916,202609,52300,call,9
2026/09/14,20260916,202609,52300,put,0
2026/09/14,20260916,202609,52400,call,15
2026/09/14,20260916,202609,52400,put,0
2026/09/14,20260916,202609,52500,call,83
2026/09/14,20260916,202609,52500,put,0
2026/09/14,20260916,202609,52600,call,82
2026/09/14,20260916,202609,52600,put,0
2026/09/14,20260916,202609,52700,call,18
2026/09/14,20260916,202609,52700,put,0
2026/09/14,20260916,202609,52800,call,16
2026/09/14,20260916,202609,52800,put,0
2026/09/14,20260916,202609,52900,call,28
2026/09/14,20260916,202609,52900,put,0
2026/09/14,20260916,202609,53000,call,1046
2026/09/14,20260916,202609,53000,put,0
2026/09/14,20260916,202609,53100,call,32
2026/09/14,20260916,202609,53100,put,0
2026/09/14,20260916,202609,53200,call,10
2026/09/14,20260916,202609,53200,put,0
2026/09/14,20260916,202609,53300,call,4
2026/09/14,20260916,202609,53300,put,0
2026/09/14,20260916,202609,53400,call,6
2026/09/14,20260916,202609,53400,put,0
2026/09/14,20260916,202609,53500,call,101
2026/09/14,20260916,202609,53500,put,0
2026/09/14,20260916,202609,53600,call,5
2026/09/14,20260916,202609,53600,put,0
2026/09/14,20260916,202609,53700,call,21
2026/09/14,20260916,202609,53700,put,0
2026/09/14,20260916,202609,53800,call,12
2026/09/14,20260916,202609,53800,put,0
2026/09/14,20260916,202609,53900,call,22
2026/09/14,20260916,202609,53900,put,0
2026/09/14,20260916,202609,54000,call,175
2026/09/14,20260916,202609,54000,put,1
2026/09/14,20260916,202609,54100,call,28
2026/09/14,20260916,202609,54100,put,0
2026/09/14,20260916,202609,54200,call,31
2026/09/14,20260916,202609,54200,put,0
2026/09/14,20260916,202609,54300,call,24
2026/09/14,20260916,202609,54300,put,0
2026/09/14,20260916,202609,54400,call,27
2026/09/14,20260916,202609,54400,put,0
2026/09/14,20260916,202609,54500,call,134
2026/09/14,20260916,202609,54500,put,0
2026/09/14,20260916,202609,54600,call,48
2026/09/14,20260916,202609,54600,put,0
2026/09/14,20260916,202609,54700,call,40
2026/09/14,20260916,202609,54700,put,0
2026/09/14,20260916,202609,54800,call,25
2026/09/14,20260916,202609,54800,put,0
2026/09/14,20260916,202609,54900,call,9
2026/09/14,20260916,202609,54900,put,0
2026/09/14,20260916,202609,55000,call,335
2026/09/14,20260916,202609,55000,put,1
2026/09/14,20260916,202609,55200,call,9
2026/09/14,20260916,202609,55200,put,0
2026/09/14,20260916,202609,55400,call,33
2026/09/14,20260916,202609,55400,put,176
2026/09/14,20260916,202609,55600,call,19
2026/09/14,20260916,202609,55600,put,0
2026/09/14,20260916,202609,55800,call,923
2026/09/14,20260916,202609,55800,put,0
2026/09/15,20260916,202609,21800,call,4
2026/09/15,20260916,202609,21800,put,1793
2026/09/15,20260916,202609,22000,call,6
2026/09/15,20260916,202609,22000,put,321
2026/09/15,20260916,202609,22200,call,0
2026/09/15,20260916,202609,22200,put,256
2026/09/15,20260916,202609,22400,call,0
2026/09/15,20260916,202609,22400,put,253
2026/09/15,20260916,202609,22600,call,0
2026/09/15,20260916,202609,22600,put,311
2026/09/15,20260916,202609,22800,call,0
2026/09/15,20260916,202609,22800,put,83
2026/09/15,20260916,202609,23000,call,0
2026/09/15,20260916,202609,23000,put,144
2026/09/15,20260916,202609,23200,call,0
2026/09/15,20260916,202609,23200,put,242
2026/09/15,20260916,202609,23400,call,0
2026/09/15,20260916,202609,23400,put,11
2026/09/15,20260916,202609,23600,call,0
2026/09/15,20260916,202609,23600,put,11
2026/09/15,20260916,202609,23800,call,0
2026/09/15,20260916,202609,23800,put,14
2026/09/15,20260916,202609,24000,call,0
2026/09/15,20260916,202609,24000,put,108
2026/09/15,20260916,202609,24200,call,0
2026/09/15,20260916,202609,24200,put,82
2026/09/15,20260916,202609,24400,call,0
2026/09/15,20260916,202609,24400,put,112
2026/09/15,20260916,202609,24600,call,0
2026/09/15,20260916,202609,24600,put,52
2026/09/15,20260916,202609,24800,call,0
2026/09/15,20260916,202609,24800,put,85
2026/09/15,20260916,202609,25000,call,0
2026/09/15,20260916,202609,25000,put,118
2026/09/15,20260916,202609,25200,call,0
2026/09/15,20260916,202609,25200,put,29
2026/09/15,20260916,202609,25400,call,0
2026/09/15,20260916,202609,25400,put,43
2026/09/15,20260916,202609,25600,call,0
2026/09/15,20260916,202609,25600,put,23
2026/09/15,20260916,202609,25800,call,164
2026/09/15,20260916,202609,25800,put,33
2026/09/15,20260916,202609,26000,call,0
2026/09/15,20260916,202609,26000,put,104
2026/09/15,20260916,202609,26200,call,0
2026/09/15,20260916,202609,26200,put,24
2026/09/15,20260916,202609,26400,call,0
2026/09/15,20260916,202609,26400,put,15
2026/09/15,20260916,202609,26600,call,0
2026/09/15,20260916,202609,26600,put,24
2026/09/15,20260916,202609,26800,call,25
2026/09/15,20260916,202609,26800,put,31
2026/09/15,20260916,202609,27000,call,3
2026/09/15,20260916,202609,27000,put,16
2026/09/15,20260916,202609,27200,call,0
2026/09/15,20260916,202609,27200,put,6
2026/09/15,20260916,202609,27400,call,2
2026/09/15,20260916,202609,27400,put,11
2026/09/15,20260916,202609,27600,call,2
2026/09/15,20260916,202609,27600,put,8
2026/09/15,20260916,202609,27800,call,7
2026/09/15,20260916,202609,27800,put,21
2026/09/15,20260916,202609,28000,call,1
2026/09/15,20260916,202609,28000,put,60
2026/09/15,20260916,202609,28200,call,2
2026/09/15,20260916,202609,28200,put,7
2026/09/15,20260916,202609,28400,call,21
2026/09/15,20260916,202609,28400,put,18
2026/09/15,20260916,202609,28600,call,0
2026/09/15,20260916,202609,28600,put,19
2026/09/15,20260916,202609,28800,call,0
2026/09/15,20260916,202609,28800,put,26
2026/09/15,20260916,202609,29000,call,2
2026/09/15,20260916,202609,29000,put,41
2026/09/15,20260916,202609,29200,call,4
2026/09/15,20260916,202609,29200,put,19
2026/09/15,20260916,202609,29400,call,1
2026/09/15,20260916,202609,29400,put,53
2026/09/15,20260916,202609,29600,call,2
2026/09/15,20260916,202609,29600,put,27
2026/09/15,20260916,202609,29800,call,4
2026/09/15,20260916,202609,29800,put,22
2026/09/15,20260916,202609,30000,call,24
2026/09/15,20260916,202609,30000,put,793
2026/09/15,20260916,202609,30200,call,4
2026/09/15,20260916,202609,30200,put,10
2026/09/15,20260916,202609,30400,call,0
2026/09/15,20260916,202609,30400,put,37
2026/09/15,20260916,202609,30600,call,6
2026/09/15,20260916,202609,30600,put,8
2026/09/15,20260916,202609,30800,call,7
2026/09/15,20260916,202609,30800,put,20
2026/09/15,20260916,202609,31000,call,1
2026/09/15,20260916,202609,31000,put,83
2026/09/15,20260916,202609,31200,call,0
2026/09/15,20260916,202609,31200,put,33
2026/09/15,20260916,202609,31400,call,1
2026/09/15,20260916,202609,31400,put,27
2026/09/15,20260916,202609,31600,call,0
2026/09/15,20260916,202609,31600,put,51
2026/09/15,20260916,202609,31800,call,1
2026/09/15,20260916,202609,31800,put,43
2026/09/15,20260916,202609,32000,call,21
2026/09/15,20260916,202609,32000,put,99
2026/09/15,20260916,202609,32200,call,19
2026/09/15,20260916,202609,32200,put,20
2026/09/15,20260916,202609,32400,call,0
2026/09/15,20260916,202609,32400,put,19
2026/09/15,20260916,202609,32600,call,0
2026/09/15,20260916,202609,32600,put,37
2026/09/15,20260916,202609,32800,call,2
2026/09/15,20260916,202609,32800,put,30
2026/09/15,20260916,202609,33000,call,35
2026/09/15,20260916,202609,33000,put,112
2026/09/15,20260916,202609,33200,call,4
2026/09/15,20260916,202609,33200,put,9
2026/09/15,20260916,202609,33400,call,2
2026/09/15,20260916,202609,33400,put,26
2026/09/15,20260916,202609,33600,call,1
2026/09/15,20260916,202609,33600,put,22
2026/09/15,20260916,202609,33800,call,1
2026/09/15,20260916,202609,33800,put,61
2026/09/15,20260916,202609,33900,call,0
2026/09/15,20260916,202609,33900,put,4
2026/09/15,20260916,202609,34000,call,115
2026/09/15,20260916,202609,34000,put,148
2026/09/15,20260916,202609,34100,call,0
2026/09/15,20260916,202609,34100,put,2
2026/09/15,20260916,202609,34200,call,1
2026/09/15,20260916,202609,34200,put,20
2026/09/15,20260916,202609,34300,call,0
2026/09/15,20260916,202609,34300,put,4
2026/09/15,20260916,202609,34400,call,0
2026/09/15,20260916,202609,34400,put,10
2026/09/15,20260916,202609,34500,call,0
2026/09/15,20260916,202609,34500,put,12
2026/09/15,20260916,202609,34600,call,3
2026/09/15,20260916,202609,34600,put,7
2026/09/15,20260916,202609,34700,call,0
2026/09/15,20260916,202609,34700,put,1
2026/09/15,20260916,202609,34800,call,3
2026/09/15,20260916,202609,34800,put,12
2026/09/15,20260916,202609,34900,call,0
2026/09/15,20260916,202609,34900,put,4
2026/09/15,20260916,202609,35000,call,6
2026/09/15,20260916,202609,35000,put,407
2026/09/15,20260916,202609,35100,call,0
2026/09/15,20260916,202609,35100,put,11
2026/09/15,20260916,202609,35200,call,1
2026/09/15,20260916,202609,35200,put,42
2026/09/15,20260916,202609,35300,call,0
2026/09/15,20260916,202609,35300,put,14
2026/09/15,20260916,202609,35400,call,0
2026/09/15,20260916,202609,35400,put,14
2026/09/15,20260916,202609,35500,call,0
2026/09/15,20260916,202609,35500,put,50
2026/09/15,20260916,202609,35600,call,0
2026/09/15,20260916,202609,35600,put,9
2026/09/15,20260916,202609,35700,call,0
2026/09/15,20260916,202609,35700,put,2
2026/09/15,20260916,202609,35800,call,3
2026/09/15,20260916,202609,35800,put,21
2026/09/15,20260916,202609,35900,call,0
2026/09/15,20260916,202609,35900,put,29
2026/09/15,20260916,202609,36000,call,41
2026/09/15,20260916,202609,36000,put,842
2026/09/15,20260916,202609,36100,call,0
2026/09/15,20260916,202609,36100,put,16
2026/09/15,20260916,202609,36200,call,0
2026/09/15,20260916,202609,36200,put,63
2026/09/15,20260916,202609,36300,call,0
2026/09/15,20260916,202609,36300,put,55
2026/09/15,20260916,202609,36400,call,0
2026/09/15,20260916,202609,36400,put,7
2026/09/15,20260916,202609,36500,call,0
2026/09/15,20260916,202609,36500,put,60
2026/09/15,20260916,202609,36600,call,0
2026/09/15,20260916,202609,36600,put,81
2026/09/15,20260916,202609,36700,call,0
2026/09/15,20260916,202609,36700,put,64
2026/09/15,20260916,202609,36800,call,19
2026/09/15,20260916,202609,36800,put,29
2026/09/15,20260916,202609,36900,call,0
2026/09/15,20260916,202609,36900,put,136
2026/09/15,20260916,202609,37000,call,29
2026/09/15,20260916,202609,37000,put,507
2026/09/15,20260916,202609,37100,call,0
2026/09/15,20260916,202609,37100,put,24
2026/09/15,20260916,202609,37200,call,5
2026/09/15,20260916,202609,37200,put,76
2026/09/15,20260916,202609,37300,call,0
2026/09/15,20260916,202609,37300,put,19
2026/09/15,20260916,202609,37400,call,1
2026/09/15,20260916,202609,37400,put,28
2026/09/15,20260916,202609,37500,call,0
2026/09/15,20260916,202609,37500,put,39
2026/09/15,20260916,202609,37600,call,0
2026/09/15,20260916,202609,37600,put,37
2026/09/15,20260916,202609,37700,call,0
2026/09/15,20260916,202609,37700,put,24
2026/09/15,20260916,202609,37800,call,2
2026/09/15,20260916,202609,37800,put,42
2026/09/15,20260916,202609,37900,call,0
2026/09/15,20260916,202609,37900,put,45
2026/09/15,20260916,202609,38000,call,17
2026/09/15,20260916,202609,38000,put,444
2026/09/15,20260916,202609,38100,call,0
2026/09/15,20260916,202609,38100,put,11
2026/09/15,20260916,202609,38200,call,0
2026/09/15,20260916,202609,38200,put,31
2026/09/15,20260916,202609,38300,call,0
2026/09/15,20260916,202609,38300,put,15
2026/09/15,20260916,202609,38400,call,0
2026/09/15,20260916,202609,38400,put,13
2026/09/15,20260916,202609,38500,call,0
2026/09/15,20260916,202609,38500,put,53
2026/09/15,20260916,202609,38600,call,0
2026/09/15,20260916,202609,38600,put,15
2026/09/15,20260916,202609,38700,call,0
2026/09/15,20260916,202609,38700,put,12
2026/09/15,20260916,202609,38800,call,19
2026/09/15,20260916,202609,38800,put,13
2026/09/15,20260916,202609,38900,call,0
2026/09/15,20260916,202609,38900,put,67
2026/09/15,20260916,202609,39000,call,50
2026/09/15,20260916,202609,39000,put,595
2026/09/15,20260916,202609,39100,call,1
2026/09/15,20260916,202609,39100,put,48
2026/09/15,20260916,202609,39200,call,1
2026/09/15,20260916,202609,39200,put,41
2026/09/15,20260916,202609,39300,call,1
2026/09/15,20260916,202609,39300,put,31
2026/09/15,20260916,202609,39400,call,6
2026/09/15,20260916,202609,39400,put,46
2026/09/15,20260916,202609,39500,call,0
2026/09/15,20260916,202609,39500,put,105
2026/09/15,20260916,202609,39600,call,2
2026/09/15,20260916,202609,39600,put,78
2026/09/15,20260916,202609,39700,call,23
2026/09/15,20260916,202609,39700,put,29
2026/09/15,20260916,202609,39800,call,0
2026/09/15,20260916,202609,39800,put,119
2026/09/15,20260916,202609,39900,call,5
2026/09/15,20260916,202609,39900,put,121
2026/09/15,20260916,202609,40000,call,67
2026/09/15,20260916,202609,40000,put,1907
2026/09/15,20260916,202609,40100,call,0
2026/09/15,20260916,202609,40100,put,42
2026/09/15,20260916,202609,40200,call,4
2026/09/15,20260916,202609,40200,put,25
2026/09/15,20260916,202609,40300,call,0
2026/09/15,20260916,202609,40300,put,38
2026/09/15,20260916,202609,40400,call,8
2026/09/15,20260916,202609,40400,put,186
2026/09/15,20260916,202609,40500,call,1
2026/09/15,20260916,202609,40500,put,124
2026/09/15,20260916,202609,40600,call,3
2026/09/15,20260916,202609,40600,put,57
2026/09/15,20260916,202609,40700,call,18
2026/09/15,20260916,202609,40700,put,371
2026/09/15,20260916,202609,40800,call,7
2026/09/15,20260916,202609,40800,put,129
2026/09/15,20260916,202609,40900,call,0
2026/09/15,20260916,202609,40900,put,69
2026/09/15,20260916,202609,41000,call,9
2026/09/15,20260916,202609,41000,put,654
2026/09/15,20260916,202609,41100,call,5
2026/09/15,20260916,202609,41100,put,61
2026/09/15,20260916,202609,41200,call,5
2026/09/15,20260916,202609,41200,put,545
2026/09/15,20260916,202609,41300,call,20
2026/09/15,20260916,202609,41300,put,115
2026/09/15,20260916,202609,41400,call,2
2026/09/15,20260916,202609,41400,put,61
2026/09/15,20260916,202609,41500,call,3
2026/09/15,20260916,202609,41500,put,210
2026/09/15,20260916,202609,41600,call,5
2026/09/15,20260916,202609,41600,put,189
2026/09/15,20260916,202609,41700,call,2
2026/09/15,20260916,202609,41700,put,192
2026/09/15,20260916,202609,41800,call,2
2026/09/15,20260916,202609,41800,put,113
2026/09/15,20260916,202609,41900,call,2
2026/09/15,20260916,202609,41900,put,130
2026/09/15,20260916,202609,42000,call,605
2026/09/15,20260916,202609,42000,put,1826
2026/09/15,20260916,202609,42100,call,1
2026/09/15,20260916,202609,42100,put,307
2026/09/15,20260916,202609,42200,call,3
2026/09/15,20260916,202609,42200,put,148
2026/09/15,20260916,202609,42300,call,100
2026/09/15,20260916,202609,42300,put,155
2026/09/15,20260916,202609,42400,call,1
2026/09/15,20260916,202609,42400,put,145
2026/09/15,20260916,202609,42500,call,501
2026/09/15,20260916,202609,42500,put,1282
2026/09/15,20260916,202609,42600,call,6
2026/09/15,20260916,202609,42600,put,287
2026/09/15,20260916,202609,42700,call,0
2026/09/15,20260916,202609,42700,put,163
2026/09/15,20260916,202609,42800,call,402
2026/09/15,20260916,202609,42800,put,564
2026/09/15,20260916,202609,42900,call,2
2026/09/15,20260916,202609,42900,put,531
2026/09/15,20260916,202609,43000,call,19
2026/09/15,20260916,202609,43000,put,2962
2026/09/15,20260916,202609,43100,call,3
2026/09/15,20260916,202609,43100,put,390
2026/09/15,20260916,202609,43200,call,3
2026/09/15,20260916,202609,43200,put,364
2026/09/15,20260916,202609,43300,call,9
2026/09/15,20260916,202609,43300,put,485
2026/09/15,20260916,202609,43400,call,52
2026/09/15,20260916,202609,43400,put,676
2026/09/15,20260916,202609,43500,call,264
2026/09/15,20260916,202609,43500,put,1612
2026/09/15,20260916,202609,43600,call,24
2026/09/15,20260916,202609,43600,put,613
2026/09/15,20260916,202609,43700,call,6
2026/09/15,20260916,202609,43700,put,451
2026/09/15,20260916,202609,43800,call,5
2026/09/15,20260916,202609,43800,put,844
2026/09/15,20260916,202609,43900,call,24
2026/09/15,20260916,202609,43900,put,762
2026/09/15,20260916,202609,44000,call,41
2026/09/15,20260916,202609,44000,put,2914
2026/09/15,20260916,202609,44100,call,6
2026/09/15,20260916,202609,44100,put,330
2026/09/15,20260916,202609,44200,call,12
2026/09/15,20260916,202609,44200,put,721
2026/09/15,20260916,202609,44300,call,11
2026/09/15,20260916,202609,44300,put,576
2026/09/15,20260916,202609,44400,call,14
2026/09/15,20260916,202609,44400,put,577
2026/09/15,20260916,202609,44500,call,826
2026/09/15,20260916,202609,44500,put,1335
2026/09/15,20260916,202609,44550,call,6
2026/09/15,20260916,202609,44550,put,192
2026/09/15,20260916,202609,44600,call,557
2026/09/15,20260916,202609,44600,put,592
2026/09/15,20260916,202609,44650,call,11
2026/09/15,20260916,202609,44650,put,268
2026/09/15,20260916,202609,44700,call,819
2026/09/15,20260916,202609,44700,put,886
2026/09/15,20260916,202609,44750,call,22
2026/09/15,20260916,202609,44750,put,348
2026/09/15,20260916,202609,44800,call,415
2026/09/15,20260916,202609,44800,put,1134
2026/09/15,20260916,202609,44850,call,23
2026/09/15,20260916,202609,44850,put,536
2026/09/15,20260916,202609,44900,call,351
2026/09/15,20260916,202609,44900,put,602
2026/09/15,20260916,202609,44950,call,44
2026/09/15,20260916,202609,44950,put,962
2026/09/15,20260916,202609,45000,call,885
2026/09/15,20260916,202609,45000,put,3411
2026/09/15,20260916,202609,45050,call,32
2026/09/15,20260916,202609,45050,put,242
2026/09/15,20260916,202609,45100,call,63
2026/09/15,20260916,202609,45100,put,694
2026/09/15,20260916,202609,45150,call,56
2026/09/15,20260916,202609,45150,put,247
2026/09/15,20260916,202609,45200,call,657
2026/09/15,20260916,202609,45200,put,740
2026/09/15,20260916,202609,45250,call,60
2026/09/15,20260916,202609,45250,put,324
2026/09/15,20260916,202609,45300,call,131
2026/09/15,20260916,202609,45300,put,964
2026/09/15,20260916,202609,45350,call,79
2026/09/15,20260916,202609,45350,put,339
2026/09/15,20260916,202609,45400,call,339
2026/09/15,20260916,202609,45400,put,1257
2026/09/15,20260916,202609,45450,call,90
2026/09/15,20260916,202609,45450,put,341
2026/09/15,20260916,202609,45500,call,403
2026/09/15,20260916,202609,45500,put,2270
2026/09/15,20260916,202609,45550,call,144
2026/09/15,20260916,202609,45550,put,355
2026/09/15,20260916,202609,45600,call,707
2026/09/15,20260916,202609,45600,put,998
2026/09/15,20260916,202609,45650,call,203
2026/09/15,20260916,202609,45650,put,186
2026/09/15,20260916,202609,45700,call,1758
2026/09/15,20260916,202609,45700,put,622
2026/09/15,20260916,202609,45750,call,243
2026/09/15,20260916,202609,45750,put,216
2026/09/15,20260916,202609,45800,call,1092
2026/09/15,20260916,202609,45800,put,604
2026/09/15,20260916,202609,45850,call,448
2026/09/15,20260916,202609,45850,put,361
2026/09/15,20260916,202609,45900,call,767
2026/09/15,20260916,202609,45900,put,464
2026/09/15,20260916,202609,45950,call,227
2026/09/15,20260916,202609,45950,put,126
2026/09/15,20260916,202609,46000,call,2382
2026/09/15,20260916,202609,46000,put,857
2026/09/15,20260916,202609,46050,call,337
2026/09/15,20260916,202609,46050,put,162
2026/09/15,20260916,202609,46100,call,1152
2026/09/15,20260916,202609,46100,put,367
2026/09/15,20260916,202609,46150,call,388
2026/09/15,20260916,202609,46150,put,96
2026/09/15,20260916,202609,46200,call,1495
2026/09/15,20260916,202609,46200,put,186
2026/09/15,20260916,202609,46250,call,431
2026/09/15,20260916,202609,46250,put,106
2026/09/15,20260916,202609,46300,call,1358
2026/09/15,20260916,202609,46300,put,180
2026/09/15,20260916,202609,46350,call,512
2026/09/15,20260916,202609,46350,put,90
2026/09/15,20260916,202609,46400,call,1463
2026/09/15,20260916,202609,46400,put,275
2026/09/15,20260916,202609,46450,call,405
2026/09/15,20260916,202609,46450,put,71
2026/09/15,20260916,202609,46500,call,2070
2026/09/15,20260916,202609,46500,put,582
2026/09/15,20260916,202609,46550,call,303
2026/09/15,20260916,202609,46550,put,79
2026/09/15,20260916,202609,46600,call,1382
2026/09/15,20260916,202609,46600,put,174
2026/09/15,20260916,202609,46650,call,370
2026/09/15,20260916,202609,46650,put,108
2026/09/15,20260916,202609,46700,call,1035
2026/09/15,20260916,202609,46700,put,163
2026/09/15,20260916,202609,46750,call,268
2026/09/15,20260916,202609,46750,put,28
2026/09/15,20260916,202609,46800,call,1555
2026/09/15,20260916,202609,46800,put,184
2026/09/15,20260916,202609,46850,call,200
2026/09/15,20260916,202609,46850,put,18
2026/09/15,20260916,202609,46900,call,694
2026/09/15,20260916,202609,46900,put,114
2026/09/15,20260916,202609,46950,call,279
2026/09/15,20260916,202609,46950,put,29
2026/09/15,20260916,202609,47000,call,2999
2026/09/15,20260916,202609,47000,put,539
2026/09/15,20260916,202609,47050,call,190
2026/09/15,20260916,202609,47050,put,12
2026/09/15,20260916,202609,47100,call,782
2026/09/15,20260916,202609,47100,put,43
2026/09/15,20260916,202609,47150,call,122
2026/09/15,20260916,202609,47150,put,29
2026/09/15,20260916,202609,47200,call,1453
2026/09/15,20260916,202609,47200,put,61
2026/09/15,20260916,202609,47250,call,219
2026/09/15,20260916,202609,47250,put,27
2026/09/15,20260916,202609,47300,call,929
2026/09/15,20260916,202609,47300,put,51
2026/09/15,20260916,202609,47350,call,156
2026/09/15,20260916,202609,47350,put,7
2026/09/15,20260916,202609,47400,call,631
2026/09/15,20260916,202609,47400,put,26
2026/09/15,20260916,202609,47450,call,165
2026/09/15,20260916,202609,47450,put,3
2026/09/15,20260916,202609,47500,call,1757
2026/09/15,20260916,202609,47500,put,35
2026/09/15,20260916,202609,47550,call,172
2026/09/15,20260916,202609,47550,put,6
2026/09/15,20260916,202609,47600,call,492
2026/09/15,20260916,202609,47600,put,14
2026/09/15,20260916,202609,47650,call,183
2026/09/15,20260916,202609,47650,put,0
2026/09/15,20260916,202609,47700,call,1043
2026/09/15,20260916,202609,47700,put,45
2026/09/15,20260916,202609,47750,call,219
2026/09/15,20260916,202609,47750,put,1
2026/09/15,20260916,202609,47800,call,603
2026/09/15,20260916,202609,47800,put,17
2026/09/15,20260916,202609,47850,call,347
2026/09/15,20260916,202609,47850,put,0
2026/09/15,20260916,202609,47900,call,367
2026/09/15,20260916,202609,47900,put,2
2026/09/15,20260916,202609,47950,call,129
2026/09/15,20260916,202609,47950,put,32
2026/09/15,20260916,202609,48000,call,2849
2026/09/15,20260916,202609,48000,put,38
2026/09/15,20260916,202609,48050,call,636
2026/09/15,20260916,202609,48050,put,1
2026/09/15,20260916,202609,48100,call,904
2026/09/15,20260916,202609,48100,put,2
2026/09/15,20260916,202609,48150,call,201
2026/09/15,20260916,202609,48150,put,1
2026/09/15,20260916,202609,48200,call,924
2026/09/15,20260916,202609,48200,put,2
2026/09/15,20260916,202609,48250,call,715
2026/09/15,20260916,202609,48250,put,1
2026/09/15,20260916,202609,48300,call,448
2026/09/15,20260916,202609,48300,put,3
2026/09/15,20260916,202609,48350,call,202
2026/09/15,20260916,202609,48350,put,1
2026/09/15,20260916,202609,48400,call,472
2026/09/15,20260916,202609,48400,put,10
2026/09/15,20260916,202609,48450,call,99
2026/09/15,20260916,202609,48450,put,1
2026/09/15,20260916,202609,48500,call,1105
2026/09/15,20260916,202609,48500,put,4
2026/09/15,20260916,202609,48550,call,68
2026/09/15,20260916,202609,48550,put,0
2026/09/15,20260916,202609,48600,call,274
2026/09/15,20260916,202609,48600,put,8
2026/09/15,20260916,202609,48650,call,39
2026/09/15,20260916,202609,48650,put,1
2026/09/15,20260916,202609,48700,call,392
2026/09/15,20260916,202609,48700,put,2
2026/09/15,20260916,202609,48800,call,192
2026/09/15,20260916,202609,48800,put,3
2026/09/15,20260916,202609,48900,call,510
2026/09/15,20260916,202609,48900,put,1
2026/09/15,20260916,202609,49000,call,1930
2026/09/15,20260916,202609,49000,put,7
2026/09/15,20260916,202609,49100,call,577
2026/09/15,20260916,202609,49100,put,2
2026/09/15,20260916,202609,49200,call,396
2026/09/15,20260916,202609,49200,put,5
2026/09/15,20260916,202609,49300,call,275
2026/09/15,20260916,202609,49300,put,2
2026/09/15,20260916,202609,49400,call,198
2026/09/15,20260916,202609,49400,put,0
2026/09/15,20260916,202609,49500,call,994
2026/09/15,20260916,202609,49500,put,1
2026/09/15,20260916,202609,49600,call,112
2026/09/15,20260916,202609,49600,put,2
2026/09/15,20260916,202609,49700,call,93
2026/09/15,20260916,202609,49700,put,3
2026/09/15,20260916,202609,49800,call,285
2026/09/15,20260916,202609,49800,put,1
2026/09/15,20260916,202609,49900,call,148
2026/09/15,20260916,202609,49900,put,0
2026/09/15,20260916,202609,50000,call,3341
2026/09/15,20260916,202609,50000,put,2
2026/09/15,20260916,202609,50100,call,253
2026/09/15,20260916,202609,50100,put,0
2026/09/15,20260916,202609,50200,call,60
2026/09/15,20260916,202609,50200,put,0
2026/09/15,20260916,202609,50300,call,16
2026/09/15,20260916,202609,50300,put,0
2026/09/15,20260916,202609,50400,call,45
2026/09/15,20260916,202609,50400,put,0
2026/09/15,20260916,202609,50500,call,1581
2026/09/15,20260916,202609,50500,put,0
2026/09/15,20260916,202609,50600,call,758
2026/09/15,20260916,202609,50600,put,0
2026/09/15,20260916,202609,50700,call,225
2026/09/15,20260916,202609,50700,put,0
2026/09/15,20260916,202609,50800,call,802
2026/09/15,20260916,202609,50800,put,0
2026/09/15,20260916,202609,50900,call,230
2026/09/15,20260916,202609,50900,put,0
2026/09/15,20260916,202609,51000,call,2785
2026/09/15,20260916,202609,51000,put,1
2026/09/15,20260916,202609,51100,call,337
2026/09/15,20260916,202609,51100,put,0
2026/09/15,20260916,202609,51200,call,246
2026/09/15,20260916,202609,51200,put,0
2026/09/15,20260916,202609,51300,call,332
2026/09/15,20260916,202609,51300,put,0
2026/09/15,20260916,202609,51400,call,10
2026/09/15,20260916,202609,51400,put,0
2026/09/15,20260916,202609,51500,call,98
2026/09/15,20260916,202609,51500,put,0
2026/09/15,20260916,202609,51600,call,9
2026/09/15,20260916,202609,51600,put,0
2026/09/15,20260916,202609,51700,call,15
2026/09/15,20260916,202609,51700,put,0
2026/09/15,20260916,202609,51800,call,9
2026/09/15,20260916,202609,51800,put,0
2026/09/15,20260916,202609,51900,call,11
2026/09/15,20260916,202609,51900,put,0
2026/09/15,20260916,202609,52000,call,1146
2026/09/15,20260916,202609,52000,put,0
2026/09/15,20260916,202609,52100,call,19
2026/09/15,20260916,202609,52100,put,0
2026/09/15,20260916,202609,52200,call,12
2026/09/15,20260916,202609,52200,put,0
2026/09/15,20260916,202609,52300,call,9
2026/09/15,20260916,202609,52300,put,0
2026/09/15,20260916,202609,52400,call,15
2026/09/15,20260916,202609,52400,put,0
2026/09/15,20260916,202609,52500,call,83
2026/09/15,20260916,202609,52500,put,0
2026/09/15,20260916,202609,52600,call,82
2026/09/15,20260916,202609,52600,put,0
2026/09/15,20260916,202609,52700,call,18
2026/09/15,20260916,202609,52700,put,0
2026/09/15,20260916,202609,52800,call,16
2026/09/15,20260916,202609,52800,put,0
2026/09/15,20260916,202609,52900,call,28
2026/09/15,20260916,202609,52900,put,0
2026/09/15,20260916,202609,53000,call,1043
2026/09/15,20260916,202609,53000,put,0
2026/09/15,20260916,202609,53100,call,32
2026/09/15,20260916,202609,53100,put,0
2026/09/15,20260916,202609,53200,call,10
2026/09/15,20260916,202609,53200,put,0
2026/09/15,20260916,202609,53300,call,4
2026/09/15,20260916,202609,53300,put,0
2026/09/15,20260916,202609,53400,call,6
2026/09/15,20260916,202609,53400,put,0
2026/09/15,20260916,202609,53500,call,101
2026/09/15,20260916,202609,53500,put,0
2026/09/15,20260916,202609,53600,call,5
2026/09/15,20260916,202609,53600,put,0
2026/09/15,20260916,202609,53700,call,21
2026/09/15,20260916,202609,53700,put,0
2026/09/15,20260916,202609,53800,call,12
2026/09/15,20260916,202609,53800,put,0
2026/09/15,20260916,202609,53900,call,22
2026/09/15,20260916,202609,53900,put,0
2026/09/15,20260916,202609,54000,call,175
2026/09/15,20260916,202609,54000,put,1
2026/09/15,20260916,202609,54100,call,28
2026/09/15,20260916,202609,54100,put,0
2026/09/15,20260916,202609,54200,call,31
2026/09/15,20260916,202609,54200,put,0
2026/09/15,20260916,202609,54300,call,24
2026/09/15,20260916,202609,54300,put,0
2026/09/15,20260916,202609,54400,call,27
2026/09/15,20260916,202609,54400,put,0
2026/09/15,20260916,202609,54500,call,134
2026/09/15,20260916,202609,54500,put,0
2026/09/15,20260916,202609,54600,call,48
2026/09/15,20260916,202609,54600,put,0
2026/09/15,20260916,202609,54700,call,40
2026/09/15,20260916,202609,54700,put,0
2026/09/15,20260916,202609,54800,call,25
2026/09/15,20260916,202609,54800,put,0
2026/09/15,20260916,202609,54900,call,9
2026/09/15,20260916,202609,54900,put,0
2026/09/15,20260916,202609,55000,call,335
2026/09/15,20260916,202609,55000,put,1
2026/09/15,20260916,202609,55200,call,9
2026/09/15,20260916,202609,55200,put,0
2026/09/15,20260916,202609,55400,call,33
2026/09/15,20260916,202609,55400,put,176
2026/09/15,20260916,202609,55600,call,19
2026/09/15,20260916,202609,55600,put,0
2026/09/15,20260916,202609,55800,call,923
2026/09/15,20260916,202609,55800,put,0
